,Channel,Region,Fresh,Milk,Grocery,Frozen,Detergents_Paper,Delicatessen,x_kpca_rbf,y_kpca_rbf,x_kpca_poly,y_kpca_poly,x_kpca_cos,y_kpca_cos
0,Retail,Other,12669,9656,7561,214,2674,1338,0.052873678513906085,-0.09570202833393895,0.07837370589555115,-0.17311460364284031,0.5047893015158401,0.009622306647377904
1,Retail,Other,7057,9810,9568,1762,3293,1776,0.12964618401642947,-0.16045812129786938,0.18581254641290745,-0.3074147140645968,0.8899412223120092,-0.2628329463279437
2,Retail,Other,6353,8808,7684,2405,3516,7844,0.21020537269667028,0.04844604646265626,0.3417015381326232,0.07504775170557576,0.47399405412671725,0.2356868332458663
3,HoReCa,Other,13265,1196,4221,6404,507,1788,-0.21624322605827767,0.10516496683103885,-0.2533035236583448,0.2503524263190761,-0.6186114271241642,0.37013054428028197
4,Retail,Other,22615,5410,7198,3915,1777,5185,-0.011687374284495552,0.26543162695756495,0.13661671368898745,0.3752792354602762,0.06889953794312552,0.8618293827365122
5,Retail,Other,9413,8259,5126,666,1795,1451,-0.03646629736114637,-0.13284548868140944,-0.08895330433843483,-0.21226471169213532,0.1029562952794655,-0.3304564801092655
6,Retail,Other,12126,3199,6975,480,3140,545,-0.06971559322032468,-0.1173262108288148,-0.14353041259380855,-0.16630589319905706,-0.09216796241777551,-0.289891927653613
7,Retail,Other,7579,4956,9426,1669,3321,2566,0.04375944384291844,-0.14661913883939373,0.04089698583784367,-0.2627155987279701,0.5540934639173403,-0.3475508620366145
8,HoReCa,Other,5963,3648,6192,425,1716,750,-0.09675019886902218,-0.2050602908981754,-0.22048402954290328,-0.3051577883697471,-0.15578901423447616,-0.6896927304727347
9,Retail,Other,6006,11093,18881,1159,7425,2098,0.49366857218997856,-0.15555600801111785,0.7089688368462714,-0.2911925018216333,1.1648509491774435,0.02374672490646826
10,Retail,Other,3366,5403,12974,4400,5977,1744,0.21067780901882668,-0.16964359555283134,0.3197406409241952,-0.3065245780476246,0.8649020932926698,-0.1928630625234256
11,Retail,Other,13146,1124,4523,1420,549,497,-0.22150693569650956,-0.04301981096108604,-0.3554518255692505,0.013874803248532144,-0.6524416952788548,-0.10638673171861023
12,Retail,Other,31714,12319,11757,287,3881,2931,0.20479873186607847,0.29304673062421427,0.38544654450739385,0.3357288366807353,0.5189256754099233,0.889184412916553
13,Retail,Other,21217,6208,14982,3095,6707,602,0.22492371282292792,0.0841269971533138,0.38950060072832127,0.059373813275348145,0.7459587900333238,0.6652437528164211
14,Retail,Other,24653,9465,12091,294,5058,2168,0.19615395161835375,0.1302305498706692,0.35551116657293436,0.14421778495165308,0.671699703623887,0.7605400813714229
15,HoReCa,Other,10253,1114,3821,397,964,412,-0.20604613498047006,-0.11610486588018867,-0.3543552000608616,-0.11021859390248843,-0.5245171920456181,-0.347788558444249
16,Retail,Other,1020,8816,12121,134,4508,1080,0.22748280410347513,-0.28469273656531985,0.32263564498743064,-0.4722189977111657,0.8519358136546641,-0.5460352667323773
17,HoReCa,Other,5876,6157,2933,839,370,4478,-0.07176423537634748,-0.08755038735669991,-0.07000249896230801,-0.09035047264311924,-0.033220293296646275,-0.11493113644620083
18,Retail,Other,18601,6327,10099,2205,2767,3181,0.039925904486972794,0.08402689619844324,0.11654191916216353,0.11785312476009369,0.38766037522139996,0.8429922154646661
19,HoReCa,Other,7780,2495,9464,669,2518,501,-0.04484567184704738,-0.1851956296045369,-0.12022755406904688,-0.2835482007710931,0.044765436443674526,-0.5527699503922409
20,Retail,Other,17546,4519,4602,1066,2259,2124,-0.110954046193577,0.033446974836404346,-0.14690021076745408,0.09957113896938727,-0.30752089028589896,0.4431883052888922
21,HoReCa,Other,5567,871,2010,3383,375,569,-0.2435317728056088,-0.11311006709485737,-0.3995107138663485,-0.09264082017742045,-0.6188073618880081,-0.3876127760478737
22,HoReCa,Other,31276,1917,4469,9408,2381,4334,-0.06805144353149077,0.5381913850229698,0.2043599877320025,0.6356359259636718,-0.1560043348914225,1.0050370853124677
23,Retail,Other,26373,36423,22019,5154,4337,16523,0.45142794629922567,0.4340437448097872,0.3902661572691505,0.25694960257342103,0.7065213342862833,0.6250312465235668
24,Retail,Other,22647,9776,13792,2915,4482,5778,0.2635648263851923,0.22849832866870243,0.4278165407333478,0.22478368660722683,0.6516647402081203,0.8093177360160559
25,Retail,Other,16165,4230,7595,201,4003,57,-0.023400880290824298,-0.059495530657702675,-0.03163512873405449,-0.07255095160998622,0.11452974129428219,0.06812692646640434
26,HoReCa,Other,9898,961,2861,3151,242,833,-0.24970476690457324,-0.04868561676100586,-0.40014060362739373,0.008535414697348701,-0.7423357127810754,-0.17657511608256274
27,HoReCa,Other,14276,803,3045,485,100,518,-0.24914910004588606,-0.027513499020590082,-0.37005251264551225,0.053917919214034896,-0.6391505057184969,-0.07438347274703136
28,Retail,Other,4113,20484,25957,1158,8604,5206,0.7542725293909501,0.04020315600901897,0.701620736860581,0.0731014575080394,1.1249453280505723,0.21303748583376256
29,HoReCa,Other,43088,2100,2609,1200,1107,823,-0.12638479479376724,0.5346064697582531,0.18268354738980805,0.6814840445911232,-0.2764926102240194,0.8502143237539169
30,HoReCa,Other,18815,3610,11107,1148,2134,2963,-0.007407037413695251,0.06725798705065221,0.0431192171267258,0.11745335924201478,0.16493083317346738,0.6234542505990083
31,HoReCa,Other,2612,4339,3133,2088,820,985,-0.14954951184126355,-0.19973477021747038,-0.29478662624567487,-0.2721066923785616,-0.32028322774489354,-0.6543615200910101
32,HoReCa,Other,21632,1318,2886,266,918,405,-0.2268519676811979,0.10124602462623586,-0.25157205246868525,0.26606108407188284,-0.5331976714561589,0.30969511350508744
33,HoReCa,Other,29729,4786,7326,6130,361,1083,-0.12828505816235453,0.3998990975053441,0.04182350289076541,0.6263327105684745,-0.2657127763492755,1.016017675868507
34,HoReCa,Other,1502,1979,2262,425,483,395,-0.18919553651563362,-0.23384049513375874,-0.3395076127492352,-0.2859829888576612,-0.35533456017248394,-0.6617378578423458
35,Retail,Other,688,5491,11091,833,4239,436,0.12567680076707408,-0.2926489592380955,0.15318548998697948,-0.4720462749746821,0.6000385488030905,-0.6994720898570784
36,HoReCa,Other,29955,4362,5428,1729,862,4626,-0.07490778440677812,0.3587250569986076,0.11579078334966661,0.5158516314924017,-0.10896559076293694,0.8729278267080994
37,Retail,Other,15168,10556,12477,1920,6506,714,0.2779010566489664,-0.045145956281025135,0.44744621040016574,-0.15055607597941198,1.0110854714933868,0.3545071689871446
38,Retail,Other,4591,15729,16709,33,6956,433,0.5088895400207495,-0.17992972966704654,0.6931422223897338,-0.2710746455693037,1.0669990965728449,-0.08668972605110759
39,HoReCa,Other,56159,555,902,10002,212,2916,0.0011534773885992014,0.8220882021752691,0.3812905631536113,0.5589487619332952,-0.2658160897709331,1.0520557688481051
40,HoReCa,Other,24025,4332,4757,9510,1145,5864,-0.03223995554838164,0.4461745338424911,0.2115296314258821,0.5158501567286047,-0.07066330438118053,0.8768592401126596
41,HoReCa,Other,19176,3065,5956,2033,2575,2802,-0.09802047435051175,0.09632757038358722,-0.0923003554552325,0.19668690026864885,-0.22676153440559063,0.6812704745370015
42,Retail,Other,10850,7555,14961,188,6899,46,0.2988971777641698,-0.1573763642604773,0.46300101226479085,-0.29270653126545604,0.9339095988837434,-0.041495931034714224
43,Retail,Other,630,11095,23998,787,9529,72,0.6333539368942156,-0.1807996435040968,0.7874656499758453,-0.20601239875751223,1.0782110305381694,-0.12640716133470992
44,Retail,Other,9670,7027,10471,541,4618,65,0.11821939187426754,-0.17633709856656532,0.1684614369656226,-0.31606742675509547,0.6993504189316266,-0.3014026813903076
45,Retail,Other,5181,22044,21531,1740,7353,4985,0.6897964496445719,0.03594302634918008,0.686827905531302,0.05304779726024755,1.0837711459780295,0.23881263381467832
46,Retail,Other,3103,14069,21955,1668,6792,1452,0.5735478600785711,-0.15203914947613248,0.7630314684360956,-0.23766436946537198,1.13625408372397,-0.007844312938151228
47,Retail,Other,44466,54259,55571,7782,24171,6465,0.43494532563026256,0.4415408749362431,0.3902727289147308,0.2579669885514342,1.046819537474016,0.6355703661769264
48,Retail,Other,11519,6152,10868,584,5121,1476,0.13561872349870396,-0.13176945434573664,0.2065451553132779,-0.26001705669369035,0.8848206201740582,-0.06628411696761514
49,Retail,Other,4967,21412,28921,1798,13583,1163,0.8621295544651946,0.060572796128393634,0.7289714387313021,0.11588236817645985,1.165907758074739,0.16553202774555292
50,HoReCa,Other,6269,1095,1980,3860,609,2162,-0.22105886892878085,-0.07080960169479125,-0.34307959105309416,-0.03597334791617259,-0.5820706110905142,-0.22619730411284591
51,HoReCa,Other,3347,4051,6996,239,1538,301,-0.07204337365611001,-0.24879079560415707,-0.18086905028942693,-0.3679504169323372,-0.028722944939419345,-0.7430876992955523
52,Retail,Other,40721,3916,5876,532,2587,1278,-0.052117528573165345,0.4684989831224594,0.20385521739136714,0.6261716702573178,-0.08674957266417177,0.8909028791210403
53,Retail,Other,491,10473,11532,744,5611,224,0.2789470212329291,-0.28101926518620574,0.4039493331332722,-0.44913213591233486,0.874098827595208,-0.47584878530964064
54,HoReCa,Other,27329,1449,1947,2436,204,1333,-0.24526307257678498,0.2860081111708121,-0.16262992294600132,0.5367169722978515,-0.5661236177888785,0.6849596429801801
55,HoReCa,Other,5264,3683,5005,1057,2024,1130,-0.10371286656973505,-0.19973664295373034,-0.23365873481870816,-0.2988588835089216,-0.20194242985976382,-0.7210255982115943
56,Retail,Other,4098,29892,26866,2616,17740,1340,0.8391977821271895,0.2042963808710104,0.5426398038264197,0.23277421501496645,1.1345482302711059,0.20080584685527672
57,Retail,Other,5417,9933,10487,38,7572,1282,0.3185422134618673,-0.22071311812153105,0.47467771286356947,-0.383496541612778,0.9906745830480067,-0.24104973627313694
58,HoReCa,Other,13779,1970,1648,596,227,436,-0.2501364703788842,-0.0351243708703211,-0.3782829305730562,0.038965550005332236,-0.6503694520222105,-0.1023503520359436
59,HoReCa,Other,6137,5360,8040,129,3084,1603,0.018968371895104884,-0.21248886497021377,-0.02202293375379365,-0.3573458414066492,0.373121308690209,-0.6586893364667845
60,Retail,Other,8590,3045,7854,96,4095,225,-0.011511233389875447,-0.19275384966069037,-0.05983051989665704,-0.29868814403366706,0.17949326231368706,-0.5060044485503941
61,Retail,Other,35942,38369,59598,3254,26701,2017,0.5104345084293169,0.4434218772621693,0.39299139703675995,0.259620390456662,1.0963961681567709,0.5179666938410358
62,Retail,Other,7823,6245,6544,4154,4074,964,0.009010223963096788,-0.11331377862381835,-0.009699948119070984,-0.1962110688577536,0.35342997336563803,-0.3086495975566459
63,Retail,Other,9396,11601,15775,2896,7677,1295,0.42708712875574045,-0.100712739953231,0.6401918706005622,-0.24099799892956295,1.1558068953920955,0.17863504925210605
64,HoReCa,Other,4760,1227,3250,3724,1247,1145,-0.194899491301523,-0.12720400654956415,-0.3396877340483363,-0.13477912051815055,-0.5182627933852386,-0.4322266616355371
65,Retail,Other,85,20959,45828,36,24231,1423,0.7539503554469689,0.3101013874055381,0.44103586711671044,0.2616736195916982,1.1483957385883077,0.13524693209006575
66,HoReCa,Other,9,1534,7417,175,3468,27,-0.0257408512864341,-0.29706174231487464,-0.0932237408428906,-0.41307713761200293,0.10625886719030354,-0.7534036783570164
67,Retail,Other,19913,6759,13462,1256,5141,834,0.16258880751479965,0.02891367677972843,0.29240464167051333,0.00012687407189294943,0.721971166189185,0.5778175984956199
68,HoReCa,Other,2446,7260,3993,5870,788,3095,-0.05972027434477876,-0.06749093294707535,-0.05997070116971571,-0.06292199893640736,-0.015172720740140054,-0.09582649452127684
69,HoReCa,Other,8352,2820,1293,779,656,144,-0.22172944681278337,-0.13367123031116146,-0.379444160175393,-0.1354681585972584,-0.5404623323910831,-0.4177517515871898
70,HoReCa,Other,16705,2037,3202,10643,116,1365,-0.1929747535756295,0.2927414674822364,-0.05060659132237068,0.4810257519427731,-0.42144743365695936,0.5814482961589553
71,HoReCa,Other,18291,1266,21042,5373,4173,14472,0.3614768718640655,0.39384453082997123,0.3992597551893953,0.2634750903712728,0.42844677839838075,0.5388427699211273
72,HoReCa,Other,4420,5139,2661,8872,1321,181,-0.13071659706817534,0.007139419616990637,-0.11135435138412808,0.09607355497591562,-0.2354513943970503,-0.0033438994733018344
73,Retail,Other,19899,5332,8713,8132,764,648,-0.09581084189636498,0.24528987711419598,0.0008987162689022939,0.40940831904177916,-0.18846182834152483,0.8126110518976689
74,Retail,Other,8190,6343,9794,1285,1901,1780,0.015635017771266854,-0.14957068311069738,-0.010720820028170208,-0.2624405643679478,0.42509586397263827,-0.45365346639421966
75,HoReCa,Other,20398,1137,3,4407,3,975,-0.2927946967282024,0.19668796820086587,-0.29880197284489324,0.41653425249637904,-0.7545245986949448,0.4775779041384731
76,HoReCa,Other,717,3587,6532,7530,529,894,-0.10781834227646676,-0.08298364178919945,-0.12822467153058562,-0.046547088106977566,-0.16476232815659414,-0.2179663842773195
77,Retail,Other,12205,12697,28540,869,12034,1009,0.7513010200440419,0.012606672707023314,0.7923752448833209,0.007641589923585848,1.1206394962774129,0.24194671092944936
78,HoReCa,Other,10766,1175,2067,2096,301,167,-0.25743951117413966,-0.06207193703583347,-0.40984981655016217,-0.006883271270861491,-0.7004238678739122,-0.21788075684439479
79,HoReCa,Other,1640,3259,3655,868,1202,1653,-0.12795969270440233,-0.2297405109441161,-0.2610406538069769,-0.3184717675598496,-0.2098209709759296,-0.687186303690092
80,HoReCa,Other,7005,829,3009,430,610,529,-0.21687066934636734,-0.15819009448044885,-0.37791558088672705,-0.1730841990779726,-0.5043193191568102,-0.48017273279404005
81,Retail,Other,219,9540,14403,283,7818,156,0.3976279742424217,-0.27728391377197364,0.5725819154133489,-0.4145797417023827,0.9656659322700977,-0.3749778514272839
82,Retail,Other,10362,9232,11009,737,3537,2342,0.1556203390087921,-0.11935623137668724,0.24022639466350393,-0.24484206557609864,0.9380307119266685,0.022311778152917516
83,HoReCa,Other,20874,1563,1783,2320,550,772,-0.25765635832255984,0.1398862532396066,-0.2961826933974482,0.33081418448807226,-0.6908481647038806,0.4260821525637058
84,Retail,Other,11867,3327,4814,1178,3837,120,-0.08603991357786986,-0.11117096801091839,-0.16487728549520697,-0.1475219150071057,-0.15945036141570254,-0.27285492153587615
85,Retail,Other,16117,46197,92780,1026,40827,2944,0.3793978188732712,0.42174766971447947,0.38833667368322855,0.2562637349561329,1.1496273046754093,0.33853108355049627
86,Retail,Other,22925,73498,32114,987,20070,903,0.40490392171367035,0.42097875944509616,0.38843674479929297,0.25633930577869957,0.9724824531993254,0.3833676285205047
87,HoReCa,Other,43265,5025,8117,6312,1579,14351,0.278932979870516,0.5687683065439959,0.39483034971194036,0.28256357248171615,0.17714702976729974,0.8374567839151439
88,HoReCa,Other,7864,542,4042,9735,165,46,-0.201451120675621,0.1014060187765869,-0.14163510995777023,0.24733068217591692,-0.42010800751045546,0.14159061626856836
89,HoReCa,Other,24904,3836,5330,3443,454,3178,-0.14695611533869826,0.27561746638793844,-0.05385762013279158,0.4779438454720912,-0.32951050112621516,0.9016782884608261
90,HoReCa,Other,11405,596,1638,3347,69,360,-0.27865266258619475,-0.013904429429952035,-0.4136609279751086,0.07913795302740632,-0.7648710686059703,-0.08585343388841243
91,HoReCa,Other,12754,2762,2530,8693,627,1117,-0.20459268240444778,0.15616091755812295,-0.17362761022052478,0.32250877373418246,-0.4874605703811691,0.39289849545876565
92,Retail,Other,9198,27472,32034,3232,18906,5130,0.8333454214028622,0.2811143014915979,0.5108182391595903,0.25525282250221654,1.1548350904369968,0.3403682040082514
93,HoReCa,Other,11314,3090,2062,35009,71,2698,0.28243414174529197,0.5047582272413759,0.3900350151310969,0.2639131765015499,-0.04139922301103654,0.5324876653575953
94,Retail,Other,5626,12220,11323,206,5038,244,0.2720800867303916,-0.21677829672043714,0.40488126797222795,-0.37052455235944015,0.9028491020028354,-0.2678894435767464
95,HoReCa,Other,3,2920,6252,440,223,709,-0.11777952089035561,-0.26320760865188086,-0.24060060089851476,-0.35352392891165224,-0.1529424814170081,-0.7259523252920133
96,Retail,Other,23,2616,8118,145,3874,217,0.016819649058288266,-0.30385688812632916,-0.02889410348951862,-0.443010644133465,0.23756369873419278,-0.7668978256775625
97,HoReCa,Other,403,254,610,774,54,63,-0.23290476518451567,-0.22000370434664146,-0.36414555189200853,-0.22878674663581566,-0.4384791894903249,-0.6101071903197053
98,HoReCa,Other,503,112,778,895,56,132,-0.23396123301421656,-0.21704585925129502,-0.36742690630912567,-0.22596087671538273,-0.4447429754030146,-0.6054946701786983
99,HoReCa,Other,9658,2182,1909,5639,215,323,-0.24763015220377615,0.008020704432845078,-0.3449825426219663,0.1079856453539186,-0.6720002351437817,-0.01227837709486432
100,Retail,Other,11594,7779,12144,3252,8035,3029,0.30962136809841057,-0.043580657238929496,0.481170831536279,-0.14905364291346102,1.0212350486524615,0.34200475720901763
101,Retail,Other,1420,10810,16267,1593,6766,1838,0.42740737955827923,-0.22247803261972246,0.6231583558865985,-0.3777794219427705,1.110703895448423,-0.19909247065607907
102,Retail,Other,2932,6459,7677,2561,4573,1386,0.08268564333822866,-0.22224091113867092,0.08900658922927383,-0.3847938536319636,0.623128895220002,-0.6441470321122066
103,HoReCa,Other,56082,3504,8906,18028,1480,2498,0.15657822024412635,0.8031950337830323,0.4084907056239107,0.3960700673826259,-0.05579643972011124,1.0789826233293738
104,HoReCa,Other,14100,2132,3445,1336,1491,548,-0.20036291110339857,-0.036189503403973984,-0.32498847780732554,0.01746040848612243,-0.6290412356346763,-0.0566967193189364
105,HoReCa,Other,15587,1014,3970,910,139,1378,-0.23225288752279616,0.011321915828107128,-0.3355261292554217,0.10881062631909486,-0.6500958512772905,0.0909704299069042
106,Retail,Other,1454,6337,10704,133,6830,1831,0.24678919189926996,-0.2733173503213808,0.3559703986970569,-0.44541104285488675,0.8500377029836911,-0.4713498439595624
107,Retail,Other,8797,10646,14886,2471,8969,1438,0.4448187308810753,-0.11626432950307097,0.6569576061315462,-0.2530671506188999,1.132876611803059,0.12548255234789263
108,Retail,Other,1531,8397,6981,247,2505,1236,0.05376210243417163,-0.26654737047735344,0.03254596291349755,-0.4257323949664448,0.41992451566106886,-0.6923183687253208
109,Retail,Other,1406,16729,28986,673,836,3,0.504414063618313,-0.08404936871615268,0.5670440133693171,-0.02176429721600273,0.8466076744483271,-0.03293784358576584
110,HoReCa,Other,11818,1648,1694,2276,169,1647,-0.25063691336413585,-0.019802562050103056,-0.3856418282991099,0.053382087021747474,-0.747194138056204,-0.052369005114890475
111,Retail,Other,12579,11114,17569,805,6457,1519,0.4075813766569818,-0.0860270504235139,0.6149712853516303,-0.21542501511716755,1.1266111371117138,0.2332482770827164
112,HoReCa,Other,19046,2770,2469,8853,483,2708,-0.18773946020497462,0.30302779208032704,-0.06586962261253322,0.5015456168575975,-0.42732050342881794,0.7242482326350227
113,HoReCa,Other,14438,2295,1733,3220,585,1561,-0.24212101885311849,0.042591397967248076,-0.34891183579487234,0.1564768840853582,-0.7945223177263409,0.19983769694860626
114,HoReCa,Other,18044,1080,2000,2555,118,1266,-0.2678732095799688,0.10016815048450911,-0.34114728761642144,0.26519406187565764,-0.760937166511411,0.3218048939116355
115,HoReCa,Other,11134,793,2988,2715,276,610,-0.25296654488710185,-0.04011676688459706,-0.40102857546378284,0.02562015989037848,-0.7446736549222278,-0.14250206546851663
116,HoReCa,Other,11173,2521,3355,1517,310,222,-0.2226554816507397,-0.07649634562976304,-0.37284411644167365,-0.04533140277986445,-0.643293330895081,-0.2430237116066708
117,HoReCa,Other,6990,3880,5380,1647,319,1160,-0.1539050524791379,-0.144390152604485,-0.2976324734428262,-0.19250409541862662,-0.4455800242829274,-0.5152476244213481
118,HoReCa,Other,20049,1891,2362,5343,411,933,-0.25144900063073455,0.19922464212100707,-0.25598132863991124,0.4135922402946953,-0.697147246733384,0.5924811188205427
119,HoReCa,Other,8258,2344,2147,3896,266,635,-0.23827975472312699,-0.061931823282124696,-0.38485704625799483,-0.01704582005728237,-0.6973197868558397,-0.22874081434465537
120,HoReCa,Other,17160,1200,3412,2417,174,1136,-0.24937158427046666,0.07136644304221125,-0.3382159568239345,0.21355761823079428,-0.7517771197964331,0.2784161754866312
121,HoReCa,Other,4020,3234,1498,2395,264,255,-0.21381724276768688,-0.16409091805056933,-0.37257923358882633,-0.18563089819244324,-0.500471387157435,-0.5266646762265582
122,HoReCa,Other,12212,201,245,1991,25,860,-0.29201822346859,-0.016083334730064874,-0.4243548389161237,0.07877409271485142,-0.755452051095885,-0.0926780491976603
123,Retail,Other,11170,10769,8814,2194,1976,143,0.056457904757066704,-0.08950180436705628,0.09054443614693179,-0.16089831311668895,0.4593130169470625,0.0058752315085955666
124,HoReCa,Other,36050,1642,2961,4787,500,1621,-0.1845628932857456,0.5070191477599811,0.06833101231458333,0.7353255086402098,-0.39416191484703544,0.9411586573550245
125,HoReCa,Other,76237,3473,7102,16538,778,918,0.22607040997840713,0.7732284267090643,0.40682300095776297,0.3174255981544429,-0.09843482792804532,1.0934505656951086
126,HoReCa,Other,19219,1840,1658,8195,349,483,-0.24422224506263526,0.25898094858476506,-0.16882061944967408,0.47507160880095944,-0.5803246006671857,0.571471132950203
127,Retail,Other,21465,7243,10685,880,2386,2749,0.049927078759124305,0.10697728116052914,0.1450513054702252,0.15897498780264668,0.3682469583780525,0.7896823044663956
128,HoReCa,Other,140,8847,3823,142,1062,3,-0.03383067202319942,-0.2678394706343454,-0.09016179496558431,-0.36456277820425953,0.09424987307299929,-0.6576480425920515
129,HoReCa,Other,42312,926,1510,1718,410,1819,-0.15536621968086314,0.5523462486611445,0.1652117735472865,0.7019507615988392,-0.3444181385930859,0.8609681703287702
130,HoReCa,Other,7149,2428,699,6316,395,911,-0.23844093502111607,-0.004176569377076195,-0.3181928187011842,0.08791208283469487,-0.5974332488235782,-0.05936316455418411
131,HoReCa,Other,2101,589,314,346,70,310,-0.23815291291009097,-0.20587931624902048,-0.37902412487450715,-0.21587082184977663,-0.4635785010345351,-0.5787137976395583
132,HoReCa,Other,14903,2032,2479,576,955,328,-0.22455448409449877,-0.02775006686845636,-0.34171939430071535,0.045470609654344615,-0.6021386610561438,-0.0499411920208794
133,HoReCa,Other,9434,1042,1235,436,256,396,-0.2529158472299519,-0.10894680371044527,-0.4060073391274111,-0.08040239432537237,-0.6026583826788326,-0.3390176928857711
134,HoReCa,Other,7388,1882,2174,720,47,537,-0.23177236419238975,-0.1409128159196985,-0.3963433707492269,-0.14462575969882963,-0.5606181849094802,-0.44070519203264374
135,HoReCa,Other,6300,1289,2591,1170,199,326,-0.23033986812921337,-0.15295641660549597,-0.39732774261838977,-0.16217998811174505,-0.5495345274104393,-0.4815972133534389
136,HoReCa,Other,4625,8579,7030,4575,2447,1542,0.025962105417591197,-0.12889709892575477,0.021893285183875736,-0.21594184207017636,0.3741944617519525,-0.28567550988021684
137,HoReCa,Other,3087,8080,8282,661,721,36,-0.006199399100456968,-0.23674357597234688,-0.053585155722646445,-0.3549901624963494,0.1925897487710517,-0.6077837322404093
138,HoReCa,Other,13537,4257,5034,155,249,3271,-0.12701414053323434,-0.01519458701333736,-0.16553635977965078,0.023426381250421225,-0.25045509731565235,0.12383531051663253
139,HoReCa,Other,5387,4979,3343,825,637,929,-0.14741294846652866,-0.18465047488707023,-0.2905099077731142,-0.25377422418426626,-0.32611471389424224,-0.5968350946932292
140,HoReCa,Other,17623,4280,7305,2279,960,2616,-0.10815885478616791,0.07714576318792246,-0.12177803098212531,0.16569803317833595,-0.3123403321213221,0.6598433811338882
141,HoReCa,Other,30379,13252,5189,321,51,1450,0.0025600922844107804,0.2918447484906805,0.18551001238519713,0.4062312882445628,0.08226444234570184,0.7478100019184148
142,HoReCa,Other,37036,7152,8253,2995,20,3,-0.06903974565132935,0.44901148658369006,0.16751582885839375,0.619805355010961,-0.11708384057119856,0.9194240321215176
143,HoReCa,Other,10405,1596,1096,8425,399,318,-0.24053099213518273,0.10764982976925393,-0.2282951952676466,0.2630504415821843,-0.5512430953970944,0.18826236614005265
144,HoReCa,Other,18827,3677,1988,118,516,201,-0.21816303295513081,0.04237819390488154,-0.27765354263986086,0.1640173097488732,-0.5274023981279823,0.17081981702675925
145,Retail,Other,22039,8384,34792,42,12591,4430,0.7117027383037543,0.1938787887174534,0.5947264081346479,0.1739691187312566,1.0061412291842273,0.4679103827562518
146,HoReCa,Other,7769,1936,2177,926,73,520,-0.23371390174038453,-0.13208689598313378,-0.3991324831147633,-0.13114476300919964,-0.5816546601821156,-0.42031726182497325
147,HoReCa,Other,9203,3373,2707,1286,1082,526,-0.19093341223102003,-0.12071828488289399,-0.3467442842458108,-0.1348630593673183,-0.555195256102433,-0.4090612396755348
148,HoReCa,Other,5924,584,542,4052,283,434,-0.2671716127488672,-0.08273382804647714,-0.40473963080473063,-0.031079289192234214,-0.6515588861577453,-0.3033717097682266
149,HoReCa,Other,31812,1433,1651,800,113,1440,-0.22105020598316658,0.34361323725503046,-0.057836848992964915,0.5844110161095781,-0.45682913256239427,0.6874226156417554
150,HoReCa,Other,16225,1825,1765,853,170,1067,-0.2524748229185165,0.023694175936259682,-0.35464333942147663,0.13638816960781575,-0.6826989462934024,0.0968247807885942
151,HoReCa,Other,1289,3328,2022,531,255,1774,-0.1661412118669367,-0.21840630695376428,-0.29870115365415106,-0.27643536095532417,-0.29836122220817624,-0.6123160418221654
152,HoReCa,Other,18840,1371,3135,3001,352,184,-0.25496163600025135,0.1053161209545888,-0.31788636739265735,0.27404579426174513,-0.7130002608573719,0.33516691285487293
153,HoReCa,Other,3463,9250,2368,779,302,1627,-0.07408215189113897,-0.1858346739337128,-0.13675359207538226,-0.2549738860650584,-0.025303640345422585,-0.45704851608208297
154,HoReCa,Other,622,55,137,75,7,8,-0.23552678789377002,-0.22272353023917038,-0.3561379057955521,-0.22435907972860547,-0.4326545182258477,-0.6052285187176738
155,Retail,Other,1989,10690,19460,233,11577,2153,0.6394889877457911,-0.16295194535591603,0.7953616515078537,-0.20293077559309747,1.1168132100034915,-0.06545597653389075
156,Retail,Other,3830,5291,14855,317,6694,3182,0.3078900379820988,-0.20540384373949522,0.45369090634178866,-0.34067754112255305,0.9241181923173327,-0.19372336360632167
157,HoReCa,Other,17773,1366,2474,3378,811,418,-0.25252009543937515,0.09301186653874813,-0.32823928876946284,0.252120890594793,-0.743403539834868,0.31874657066891743
158,Retail,Other,2861,6570,9618,930,4004,1682,0.11261349580263715,-0.24938535277080345,0.13432392884255678,-0.4319449574513763,0.7024510691760881,-0.6553976083360121
159,Retail,Other,355,7704,14682,398,8077,303,0.3788583554997643,-0.2784564843300868,0.549666866318377,-0.418154200013261,0.9403612623530486,-0.38563107995280305
160,Retail,Other,1725,3651,12822,824,4424,2157,0.1476346968697164,-0.2533347873848539,0.19940845321190712,-0.41234200288990897,0.6645231945565454,-0.516650838714182
161,HoReCa,Other,12434,540,283,1092,3,2233,-0.2657951166363094,-0.010018494246887978,-0.3684526872469834,0.07720964736390644,-0.6581413302534357,-0.03613588206617278
162,HoReCa,Other,15177,2024,3810,2665,232,610,-0.23674575296988018,0.02700144501848695,-0.3504243069439394,0.13442713690519678,-0.76457515344622,0.14325486061603515
163,Retail,Other,5531,15726,26870,2367,13726,446,0.8066400038840519,-0.004832837123561454,0.7894216944204896,0.029520644349001885,1.1388115485652062,0.1323853245681061
164,Retail,Other,5224,7603,8584,2540,3674,238,0.06698255464284114,-0.1994488646702344,0.06899318218503868,-0.3470256913445821,0.5650524447037404,-0.5729601728157913
165,Retail,Other,15615,12653,19858,4425,7108,2379,0.480451014230767,0.06197497706952783,0.6729730253882957,-0.02787493938789705,1.0918751309052652,0.5584449005239861
166,Retail,Other,4822,6721,9170,993,4973,3637,0.164772800100073,-0.17567908802427248,0.24089310934810082,-0.30416519965974953,0.7468257192290533,-0.2147159080487937
167,HoReCa,Other,2926,3195,3268,405,1680,693,-0.13432419599706963,-0.23621918090716104,-0.27765704767529903,-0.3267866830786444,-0.23212997350560433,-0.7136260465230616
168,HoReCa,Other,5809,735,803,1393,79,429,-0.258079589850618,-0.14237762458041997,-0.420157571955942,-0.13173918972187215,-0.5933602969486712,-0.4486858678876737
169,HoReCa,Other,5414,717,2155,2399,69,750,-0.2455139978329428,-0.13203815460964766,-0.4097722021297636,-0.12434563292776149,-0.6058119883148254,-0.43483591170012037
170,Retail,Other,260,8675,13430,1116,7015,323,0.332018644378656,-0.2782234927362599,0.4872324052395741,-0.44219298230636694,0.9371136427106038,-0.42375346809497805
171,Retail,Other,200,25862,19816,651,8773,6250,0.7167954260144815,0.07532405257398761,0.5923992699013437,0.141392205821105,1.045856945782659,0.1564779994016741
172,HoReCa,Other,955,5479,6536,333,2840,707,-0.00030823437207287387,-0.2849428328158384,-0.06706054380402172,-0.4412158744111221,0.2287608517176688,-0.8132785112588339
173,Retail,Other,514,7677,19805,937,9836,716,0.5303875640612612,-0.22224492498608261,0.7190963979951561,-0.29888298115073636,1.0334703102044016,-0.20155389960843687
174,HoReCa,Other,286,1208,5241,2515,153,1442,-0.16420114516672346,-0.2044126513069103,-0.2943706794120725,-0.25201412656183453,-0.31737100013397684,-0.5990677786968776
175,Retail,Other,2343,7845,11874,52,4196,1697,0.19479590574728886,-0.2649684175925971,0.2723417023751185,-0.45215586696065174,0.8394931227789247,-0.529364401036132
176,HoReCa,Other,45640,6958,6536,7368,1532,230,-0.012224069855354973,0.6653760494521536,0.31021350416733184,0.6763598296580613,-0.08879035061261221,1.059112767282737
177,HoReCa,Other,12759,7330,4533,1752,20,2631,-0.11110270207353118,-0.009576683723273185,-0.15279810966324012,0.0167008044256324,-0.25326687797049424,0.18928851544568562
178,HoReCa,Other,11002,7075,4945,1152,120,395,-0.1281500019295185,-0.09204722134103206,-0.2219526716786725,-0.1077535319588192,-0.3103192412027098,-0.21530961733714604
179,HoReCa,Other,3157,4888,2500,4477,273,2165,-0.15604027237869358,-0.10731700483740693,-0.2482962553747812,-0.111976764018853,-0.3471762952873323,-0.3125553455337879
180,HoReCa,Other,12356,6036,8887,402,1382,2794,-0.013528877204285635,-0.06627437269605785,-0.02188813468983255,-0.10398787050332231,0.19686770367664477,0.0847987300315937
181,HoReCa,Other,112151,29627,18148,16745,4948,8550,0.36764511246858067,0.46955585956141976,0.38831461556374514,0.25630156501009604,0.315204543681206,1.1439804016893556
182,HoReCa,Other,694,8533,10518,443,6907,156,0.27079326616182553,-0.2893846721391546,0.39159309287403865,-0.4528884260766426,0.8311824882809428,-0.4993679575773538
183,HoReCa,Other,36847,43950,20170,36534,239,47943,0.36350002395123715,0.4086569129817568,0.38819980351389755,0.2561385684770063,0.4167311489295661,0.6588168363489146
184,HoReCa,Other,327,918,4710,74,334,11,-0.16509969112234044,-0.25727356081465397,-0.2940053286966316,-0.31049338726027986,-0.2718517589101307,-0.6862967657639933
185,HoReCa,Other,8170,6448,1139,2181,58,247,-0.18948926806678904,-0.10382623035757788,-0.31322988744451835,-0.10348108526814345,-0.4720819097691623,-0.31290677059323974
186,HoReCa,Other,3009,521,854,3470,949,727,-0.23318718614510917,-0.14479592672657343,-0.37727290607756553,-0.13698342092036206,-0.5315603461492006,-0.4634337143399055
187,HoReCa,Other,2438,8002,9819,6269,3459,3,0.09081437808833875,-0.13892524000274015,0.13877582408038677,-0.2077692875739369,0.45100536556444243,-0.22498697399627507
188,Retail,Other,8040,7639,11687,2758,6839,404,0.2354531974355362,-0.15789627860476424,0.3673561639173325,-0.3094173373507577,0.9625526445008288,-0.10460441039473992
189,Retail,Other,834,11577,11522,275,4027,1856,0.2625290259484929,-0.25645942536223354,0.37704365907527904,-0.4185381093110784,0.8890651223597421,-0.40806203373128735
190,HoReCa,Other,16936,6250,1981,7332,118,64,-0.1949278048732709,0.18270712944252254,-0.15615954702350782,0.3535481923594886,-0.4709306999770349,0.509131406462094
191,HoReCa,Other,13624,295,1381,890,43,84,-0.27796989780243153,-0.025999576335082687,-0.3988728143339675,0.06623095846740654,-0.678630713676125,-0.10904454061333162
192,HoReCa,Other,5509,1461,2251,547,187,409,-0.22396608339484816,-0.17343459102411213,-0.38730013948518716,-0.1931829886417891,-0.49940555829453936,-0.5229350079881547
193,Retail,Other,180,3485,20292,959,5618,666,0.3191504916849169,-0.25403667282035075,0.4618749665084126,-0.35366925789540105,0.7968536434099994,-0.34685979333510064
194,HoReCa,Other,7107,1012,2974,806,355,1142,-0.22010328401624885,-0.14134859788744,-0.38210573673072523,-0.15120207483643053,-0.5439638783247038,-0.4407065175644158
195,HoReCa,Other,17023,5139,5230,7888,330,1755,-0.14924270730598657,0.21238532372835553,-0.09205758470871292,0.3844595108821906,-0.3678536931275426,0.7252004611811521
196,HoReCa,Lisbon,30624,7209,4897,18711,763,2876,0.06741089288962601,0.6497674610215588,0.3623503858158118,0.47393955326481707,-0.054529979623748615,0.889043552333949
197,Retail,Lisbon,2427,7097,10391,1127,4314,1468,0.14659793615820937,-0.2553182076916506,0.19270487994514765,-0.44511110127623543,0.7896697995948208,-0.6198985665561714
198,HoReCa,Lisbon,11686,2154,6824,3527,592,697,-0.1774731210508445,-0.03047733276454108,-0.2911484181274304,0.013393887601180262,-0.6570585793602716,-0.026543350787017864
199,HoReCa,Lisbon,9670,2280,2112,520,402,347,-0.22678160587402457,-0.1146659140177024,-0.3825170693563434,-0.10321657793792095,-0.5709611760597476,-0.35539954467164697
200,Retail,Lisbon,3067,13240,23127,3941,9959,731,0.6560647942148061,-0.09819954167922443,0.8048675789894464,-0.14167098380226714,1.1243899280392238,0.06766620308663236
201,Retail,Lisbon,4484,14399,24708,3549,14235,1681,0.7902020014329169,-0.005465274952809005,0.7933232157910513,0.01563624734539592,1.1428327809286285,0.15439415422022568
202,HoReCa,Lisbon,25203,11487,9490,5065,284,6854,0.13117425288386508,0.37837244755508903,0.33340786024608343,0.38375452776533603,0.276364834111568,0.8531833378937859
203,HoReCa,Lisbon,583,685,2216,469,954,18,-0.18960388027528244,-0.24472495914901557,-0.32765898664681886,-0.2862859796563113,-0.3390089662318431,-0.6694526312313408
204,HoReCa,Lisbon,1956,891,5226,1383,5,1328,-0.17670216207679523,-0.2042948774782737,-0.3192151955722071,-0.2532410824364381,-0.35561628681630686,-0.5964675471590708
205,Retail,Lisbon,1107,11711,23596,955,9265,710,0.6368037832465033,-0.17489388291795543,0.8036887181868521,-0.2185932856035283,1.1128785402030439,-0.09412052430901485
206,HoReCa,Lisbon,6373,780,950,878,288,285,-0.2508171616002277,-0.14784620329822087,-0.4112585573437754,-0.14105782931902655,-0.5681218183581827,-0.4553509207811659
207,Retail,Lisbon,2541,4737,6089,2946,5316,120,0.03931653051608332,-0.22894654481612503,0.02314815143031448,-0.35602550561722124,0.33743416735888837,-0.5994123402658551
208,HoReCa,Lisbon,1537,3748,5838,1859,3381,806,-0.03532027634470227,-0.2514928937553569,-0.12174651939146656,-0.38682960313280196,0.09936613299069652,-0.7978317747787168
209,Retail,Lisbon,5550,12729,16767,864,12420,797,0.6287061557789343,-0.12690607688885325,0.7807516033216432,-0.16776342743272912,1.0912672020760854,0.009986998548040258
210,HoReCa,Lisbon,18567,1895,1393,1801,244,2100,-0.24740802025030492,0.10617569359258265,-0.29842119345130835,0.2643860371579372,-0.6723250657573945,0.3660570173177286
211,Retail,Lisbon,12119,28326,39694,4736,19410,2870,0.8134590296018913,0.32315211051202736,0.48259727913377254,0.2648276994777198,1.1532353989880129,0.3692337899697511
212,HoReCa,Lisbon,7291,1012,2062,1291,240,1775,-0.23030932651001404,-0.1144994092828588,-0.3817971574398349,-0.10602971176216892,-0.5796759948851279,-0.3550537466547172
213,HoReCa,Lisbon,3317,6602,6861,1329,3961,1215,0.051315528608699854,-0.24009633925895388,0.028266839487388208,-0.40695309325779255,0.49020536013560384,-0.7425799292589753
214,Retail,Lisbon,2362,6551,11364,913,5957,791,0.21014693402337478,-0.269071879384761,0.3018172791715152,-0.45702849965917297,0.8383233378532865,-0.5298286645421151
215,HoReCa,Lisbon,2806,10765,15538,1374,5828,2388,0.38168488511520315,-0.20554207437417688,0.5637770712241382,-0.3665393497305289,1.10641909095786,-0.16193210108404588
216,Retail,Lisbon,2532,16599,36486,179,13308,674,0.8561084992483579,0.052228276133038175,0.6823226381255032,0.13431704338982675,1.13902394088139,0.0845707423239206
217,HoReCa,Lisbon,18044,1475,2046,2532,130,1158,-0.2638580980506603,0.09666441858546806,-0.3398744420261578,0.2589104696457055,-0.7611033417644154,0.32292659742438895
218,Retail,Lisbon,18,7504,15205,1285,4797,6372,0.3394978092684608,-0.10882807819046102,0.4555484000265646,-0.115423134058613,0.7544789819835659,-0.02352753984581121
219,HoReCa,Lisbon,4155,367,1390,2306,86,130,-0.2534755685540706,-0.15148329375931277,-0.4088252220131947,-0.14165412140723363,-0.5687787150694906,-0.47717263896655704
220,HoReCa,Lisbon,14755,899,1382,1765,56,749,-0.27674250370140585,0.015958414470288392,-0.39606144530802495,0.1292524783109778,-0.7545718019342869,0.03273244639500428
221,HoReCa,Lisbon,5396,7503,10646,91,4167,239,0.13497633118692026,-0.24371904378909573,0.1794586974204921,-0.4166085424586754,0.6946544564301756,-0.5369351169322307
222,HoReCa,Lisbon,5041,1115,2856,7496,256,375,-0.2191671608857964,-0.009502840222790434,-0.259529441492826,0.08869134592252088,-0.48599596571488557,-0.09218928480720526
223,Retail,Lisbon,2790,2527,5265,5612,788,1360,-0.14883092347965354,-0.10717682624373656,-0.23836644143967817,-0.10266885470444759,-0.3317315239880588,-0.32248919050991154
224,HoReCa,Lisbon,7274,659,1499,784,70,659,-0.2520951206594768,-0.13242880420179648,-0.41341484621250585,-0.12003576570669265,-0.592361028141408,-0.4125901257632008
225,HoReCa,Lisbon,12680,3243,4157,660,761,786,-0.18490138785660262,-0.07056030982307776,-0.3153234149337614,-0.0494438346413863,-0.5605334727136599,-0.17841157776212827
226,Retail,Lisbon,20782,5921,9212,1759,2568,1553,-0.017664161633951674,0.08915896704604497,0.026312579879098835,0.15858092995298462,0.13292734413431556,0.8571781391372225
227,HoReCa,Lisbon,4042,2204,1563,2286,263,689,-0.22409598690219726,-0.16009384982822297,-0.38887099456202323,-0.17749864315925787,-0.535455200801054,-0.5179441841464487
228,HoReCa,Lisbon,1869,577,572,950,4762,203,-0.10826694391873214,-0.23505127148636645,-0.18754732195781904,-0.2809367591673477,-0.1305592409822229,-0.5950191424120795
229,HoReCa,Lisbon,8656,2746,2501,6845,694,980,-0.20936404605279302,0.02530165443415524,-0.2712975419765191,0.1262115563068173,-0.5514546450562784,0.07100006138114985
230,Retail,Lisbon,11072,5989,5615,8321,955,2137,-0.09528798953706201,0.11527784208406402,-0.05263029424140225,0.22245097841538955,-0.17683637187318355,0.4733125592431227
231,HoReCa,Lisbon,2344,10678,3828,1439,1566,490,0.0004315997442409596,-0.21642910247601208,-0.027734641124454326,-0.3157789262453547,0.20444983482959225,-0.5163374815235822
232,HoReCa,Lisbon,25962,1780,3838,638,284,834,-0.21724635198137116,0.20516503872184474,-0.16974264318816987,0.4199138339060083,-0.48469216089871436,0.5482666357857142
233,HoReCa,Lisbon,964,4984,3316,937,409,7,-0.13720719254256133,-0.24461544496295298,-0.26566468333300847,-0.3221433667152868,-0.21456853452728356,-0.6918409452999182
234,HoReCa,Lisbon,15603,2703,3833,4260,325,2563,-0.20226601695483878,0.10410553981973955,-0.24753433848759768,0.23962082007586977,-0.6453219304917313,0.49109209389249064
235,HoReCa,Lisbon,1838,6380,2824,1218,1216,295,-0.10479777992141315,-0.23508092567515176,-0.21978412290426402,-0.32866618642636236,-0.129272796007975,-0.6864091903181626
236,HoReCa,Lisbon,8635,820,3047,2312,415,225,-0.24118348395274053,-0.09719148895924629,-0.40168185570920023,-0.07035311448754593,-0.6499483625951309,-0.33058036942470714
237,HoReCa,Lisbon,18692,3838,593,4634,28,1215,-0.2535214961550784,0.1646870538371401,-0.2796832469653371,0.3564207338802709,-0.7201730603772535,0.5185874330461432
238,HoReCa,Lisbon,7363,475,585,1112,72,216,-0.2682207184972378,-0.12321350190511854,-0.4239632649068006,-0.09599618829119444,-0.6168923602685787,-0.3924343569117413
239,HoReCa,Lisbon,47493,2567,3779,5243,828,2253,-0.0748999362400014,0.6917984917141012,0.28575716089535175,0.7247260329217594,-0.22763899089195672,1.03722931284182
240,HoReCa,Lisbon,22096,3575,7041,11422,343,2564,-0.09655656209695264,0.4139073234701745,0.11831277831945826,0.5631274838825195,-0.19764709288584004,0.8477095787685676
241,HoReCa,Lisbon,24929,1801,2475,2216,412,1047,-0.24072680404119565,0.2232847632888391,-0.2094167569584411,0.4534930908895605,-0.5898035570727487,0.615309895187488
242,HoReCa,Lisbon,18226,659,2914,3752,586,578,-0.25980539497565247,0.11599147738058341,-0.32208380312903534,0.2907315942700846,-0.7459744003815224,0.3677147696041158
243,HoReCa,Lisbon,11210,3576,5119,561,1682,2398,-0.11391795702827533,-0.08591592468385303,-0.20226047870216732,-0.10490391868740465,-0.2845084877410684,-0.16244516540307286
244,HoReCa,Lisbon,6202,7775,10817,1183,3143,1970,0.11604982453065794,-0.1868720922789444,0.15521594366748898,-0.3456917103759863,0.8385841247557094,-0.4176666909765463
245,Retail,Lisbon,3062,6154,13916,230,8933,2784,0.3857211065086849,-0.21349561113975812,0.5547240543368973,-0.3343174832850535,0.9707709367600964,-0.18871476576240423
246,HoReCa,Lisbon,8885,2428,1777,1777,430,610,-0.23338442306079654,-0.10114801745682737,-0.3980661456347267,-0.08572401575893156,-0.653131146826145,-0.34421112680290067
247,HoReCa,Lisbon,13569,346,489,2077,44,659,-0.29212930975384943,0.005872884301030784,-0.41562489759243315,0.11627520898098698,-0.7656861347274512,-0.025927220475877494
248,HoReCa,Lisbon,15671,5279,2406,559,562,572,-0.1879624593294773,-0.011793906755095075,-0.27801817165977494,0.05471675252047379,-0.5078678605800039,0.057873654093067724
249,HoReCa,Lisbon,8040,3795,2070,6340,918,291,-0.1996792072574271,-0.010505601861656175,-0.2759581816272652,0.06616679216806405,-0.5182810145462843,-0.03835826167848546
250,HoReCa,Lisbon,3191,1993,1799,1730,234,710,-0.21723979245403627,-0.1827404586729969,-0.38134606497239315,-0.21236965236679237,-0.4879973032344803,-0.567902275859826
251,Retail,Lisbon,6134,23133,33586,6746,18594,5121,0.8300063944683379,0.2682374771913134,0.5198331683050443,0.2479707828109146,1.137994708359249,0.3465214480089539
252,HoReCa,Lisbon,6623,1860,4740,7683,205,1693,-0.18205534391023426,0.029107134434793194,-0.20505854327691592,0.1285426341652343,-0.41948263842380157,0.07855046373109717
253,HoReCa,Lisbon,29526,7961,16966,432,363,1391,0.09650551028986741,0.2514661871783414,0.26757382476596375,0.3361674851206961,0.3036705562843527,0.7772690762746229
254,HoReCa,Lisbon,10379,17972,4748,4686,1547,3265,0.16648378516561274,0.06514447286924413,0.30414469640837716,0.06877205850171796,0.47674475162411073,0.35692272338623393
255,HoReCa,Lisbon,31614,489,1495,3242,111,615,-0.248763128297567,0.3828872751120294,-0.07754402837794963,0.6389873371305027,-0.5390075322532071,0.7302206284829811
256,HoReCa,Lisbon,11092,5008,5249,453,392,373,-0.14801309205872779,-0.10851954825063104,-0.26543364349645027,-0.1255509764484329,-0.3821959536749008,-0.2988959726288303
257,HoReCa,Lisbon,8475,1931,1883,5004,3593,987,-0.1516011088811458,-0.05272089605939215,-0.23480802141093088,-0.022826736953050666,-0.40214574272631004,-0.11800008056732018
258,HoReCa,Lisbon,56083,4563,2124,6422,730,3321,0.01592294214143102,0.792046447525344,0.3775829111993852,0.6033152012679035,-0.16287045559414465,1.0778692468338573
259,HoReCa,Lisbon,53205,4959,7336,3012,967,818,0.008592113071722515,0.6899072611194248,0.3457109902922614,0.6348102604496015,-0.09352744079506997,1.0035735458937047
260,HoReCa,Lisbon,9193,4885,2157,327,780,548,-0.1750164552897395,-0.13373546784703108,-0.31325973081917363,-0.15725808158483176,-0.4288243156662749,-0.4023399908508338
261,HoReCa,Lisbon,7858,1110,1094,6818,49,287,-0.2593318965094051,0.02145130355765245,-0.316457111518711,0.13895899411569174,-0.6155703943926604,-0.024079885697913278
262,HoReCa,Lisbon,23257,1372,1677,982,429,655,-0.25279737806639346,0.16061169656690294,-0.25159776129934575,0.36231280968627044,-0.5983790011843202,0.4204352945357858
263,HoReCa,Lisbon,2153,1115,6684,4324,2894,411,-0.09119585063147014,-0.18090200901926196,-0.17696451432544888,-0.23478670625453044,-0.1270837881883384,-0.5301142301345837
264,Retail,Lisbon,1073,9679,15445,61,5980,1265,0.3636232006422541,-0.2683733115033208,0.5323016278035851,-0.4363336224073189,1.0165863828838952,-0.3616829066480354
265,HoReCa,Lisbon,5909,23527,13699,10155,830,3636,0.3767623884430382,0.1890062286079218,0.45857523613170764,0.19049822353758078,0.6307447859594294,0.40346784918998035
266,Retail,Lisbon,572,9763,22182,2221,4882,2563,0.4536467014091359,-0.17903350853715633,0.6284571456252737,-0.2732383381151288,1.0322554849906114,-0.09417391606309794
267,HoReCa,Lisbon,20893,1222,2576,3975,737,3628,-0.2013306773089447,0.225745767725806,-0.1426028778126138,0.4126081107217912,-0.4817348039365525,0.6669117174377436
268,Retail,Lisbon,11908,8053,19847,1069,6374,698,0.38087318165748774,-0.10466589587401086,0.5784450537863961,-0.22551686473226387,1.0294519731643248,0.1514030399957062
269,HoReCa,Lisbon,15218,258,1138,2516,333,204,-0.2861913016448878,0.03549594803465348,-0.39190390584979784,0.16641640698709215,-0.7561135833037499,0.06445335715384204
270,HoReCa,Lisbon,4720,1032,975,5500,197,56,-0.2527421217887201,-0.0674449184733505,-0.35324101628123034,-0.00024768199894954865,-0.5808961495440825,-0.2608567209564298
271,HoReCa,Lisbon,2083,5007,1563,1120,147,1550,-0.16106185054423924,-0.201185000425627,-0.2918634551499206,-0.2593073452974361,-0.30298741848933225,-0.5831046167839667
272,HoReCa,Lisbon,514,8323,6869,529,93,1040,-0.020916954802579775,-0.25048675799592957,-0.07505103033487237,-0.36125606837767477,0.14454654241797973,-0.6306363917792029
273,HoReCa,Other,36817,3045,1493,4802,210,1824,-0.1818160596328845,0.5275787081911957,0.08797605088462908,0.7434248092950704,-0.38953911206474456,0.951002612550262
274,HoReCa,Other,894,1703,1841,744,759,1153,-0.1845615521303372,-0.22923174292788306,-0.33144897703021786,-0.28289127420878274,-0.3473214114824391,-0.6526842234280255
275,HoReCa,Other,680,1610,223,862,96,379,-0.2235061343560142,-0.21894392055125725,-0.3649894710298015,-0.2415156139862782,-0.42762570441522263,-0.615821529551626
276,HoReCa,Other,27901,3749,6964,4479,603,2503,-0.13106881685454025,0.34447681803832825,0.002320041323093037,0.5687935392483451,-0.2781417781522906,1.0188084618607571
277,HoReCa,Other,9061,829,683,16919,621,139,-0.08611236102747656,0.3401887550077729,0.21012588820810796,0.40133163059365223,-0.2629660227891351,0.35194919920138784
278,HoReCa,Other,11693,2317,2543,5845,274,1409,-0.23349115211182123,0.05967525239122093,-0.3087662004369269,0.18282713006551424,-0.6946218480416089,0.2076877714272209
279,Retail,Other,17360,6200,9694,1293,3620,1721,0.04175071173301398,0.0030825465268453393,0.08769572443434577,-0.010576926365420136,0.5116506039509302,0.6241113802738131
280,HoReCa,Other,3366,2884,2431,977,167,1104,-0.19223329218760002,-0.19475586593833197,-0.35060869111996645,-0.2437261366928722,-0.41714753591023085,-0.5939857504811056
281,Retail,Other,12238,7108,6235,1093,2328,2079,-0.0267589605172633,-0.07469248958370743,-0.05739476711404858,-0.12375528535901438,0.14876709501423818,-0.0005987060623452817
282,HoReCa,Other,49063,3965,4252,5970,1041,1404,-0.050342278661519746,0.7108117529413718,0.3100757868144607,0.7090390097921291,-0.1909847749369722,1.0502408553035443
283,HoReCa,Other,25767,3613,2013,10303,314,1384,-0.17831066955599914,0.4459480493320311,0.04305287994316353,0.6381260066603727,-0.3919033206707444,0.8441473015641755
284,HoReCa,Other,68951,4411,12609,8692,751,2406,0.17062847798287453,0.8158332850370144,0.41581643774823923,0.419342716398851,-0.006435035133445454,1.118613933574011
285,HoReCa,Other,40254,640,3600,1042,436,18,-0.16235503681326868,0.47827282477509764,0.12254054305859241,0.6534871681387455,-0.34215309625155876,0.762094676421941
286,HoReCa,Other,7149,2247,1242,1619,1226,128,-0.21699720397392583,-0.14176398290435244,-0.3791868289388991,-0.15095520233777984,-0.5422523264981245,-0.4601521917206645
287,HoReCa,Other,15354,2102,2828,8366,386,1027,-0.22220479818972894,0.19447408020090146,-0.18366779502095598,0.3831512828078986,-0.5443392089972956,0.4857570250253534
288,HoReCa,Other,16260,594,1296,848,445,258,-0.2697173589824998,0.018137456492363178,-0.3677216908530888,0.13757464025499705,-0.6727206862239878,0.033842491860130705
289,HoReCa,Other,42786,286,471,1388,32,22,-0.17683380488192404,0.5333739087423078,0.15619673224980724,0.6652264783225914,-0.40186338234092933,0.7597791913283868
290,HoReCa,Other,2708,2160,2642,502,965,1522,-0.16774519118290562,-0.21373632661876082,-0.3143728111931623,-0.2766802141233508,-0.3272679213086968,-0.6267451102265872
291,HoReCa,Other,6022,3354,3261,2507,212,686,-0.19905243932422412,-0.1368757559688877,-0.359984337858455,-0.1584302918467532,-0.5528072197386004,-0.4785700603728728
292,HoReCa,Other,2838,3086,4329,3838,825,1060,-0.1577742165465651,-0.1582854693338539,-0.29135796234887834,-0.19747291026306898,-0.38133251414055236,-0.5336908398558243
293,Retail,Porto,3996,11103,12469,902,5952,741,0.31319089574791026,-0.23038663942512086,0.46868302155198993,-0.4059621299294046,1.0172776927652476,-0.2886652144028587
294,HoReCa,Porto,21273,2013,6550,909,811,1854,-0.16324645923546194,0.114946156823253,-0.1718314473787849,0.2610187369928712,-0.41054388859399865,0.5322166581846703
295,Retail,Porto,7588,1897,5234,417,2208,254,-0.1327225100850671,-0.18105950690071335,-0.26553321808455393,-0.24361557196200964,-0.28159408849951084,-0.5610662160377987
296,HoReCa,Porto,19087,1304,3643,3045,710,898,-0.23759435823493522,0.11436065684679282,-0.2977061343440602,0.2833840797503589,-0.7170561951229483,0.4360765911399175
297,Retail,Porto,8090,3199,6986,1455,3712,531,-0.043377775164801964,-0.17226808714924177,-0.11971899037075773,-0.2719041731534475,0.04052594834961613,-0.5972135704297661
298,Retail,Porto,6758,4560,9965,934,4538,1037,0.07704175629416811,-0.20700925513711899,0.08449477145517498,-0.3635272222293547,0.6179558520240053,-0.5633892876545618
299,HoReCa,Porto,444,879,2060,264,290,259,-0.2015853149832096,-0.2404916059734816,-0.3405156514663072,-0.2763321077059579,-0.365436142211681,-0.6564912695521127
300,Retail,Porto,16448,6243,6360,824,2662,2005,-0.039363753304274794,-0.0051135220899861215,-0.04893722121611395,0.0056023037372023654,0.05146394560857505,0.4215357179792827
301,Retail,Porto,5283,13316,20399,1809,8752,172,0.5790341532858292,-0.14393768725749895,0.7742541865913966,-0.22886520228985516,1.1150820869527944,0.007464273120126979
302,Retail,Porto,2886,5302,9785,364,6236,555,0.16640764134897332,-0.2733449575759208,0.22920252886323678,-0.44612648405195343,0.6900687112541438,-0.5665517051464752
303,Retail,Porto,2599,3688,13829,492,10069,59,0.351603094871079,-0.2378426567763734,0.5055816040427807,-0.31714119225155524,0.7961912787761705,-0.29629776733810836
304,Retail,Porto,161,7460,24773,617,11783,2410,0.6687072642792733,-0.1387481191276662,0.7710914221737651,-0.12696710773182387,1.0736756268580054,-0.0636407983188692
305,Retail,Porto,243,12939,8852,799,3909,211,0.21826387042750767,-0.2627722084358274,0.30839839877222186,-0.3958960657338043,0.7158428849490932,-0.4597803580071112
306,Retail,Porto,6468,12867,21570,1840,7558,1543,0.5645409041779113,-0.12090643751188883,0.7711669007366838,-0.22583872195171625,1.162327350765482,0.09421420451519595
307,HoReCa,Porto,17327,2374,2842,1149,351,925,-0.23326113550231567,0.041309243411090525,-0.3252010888394,0.161076773640849,-0.6690218084401479,0.19385213849782607
308,HoReCa,Porto,6987,1020,3007,416,257,656,-0.2220758899924084,-0.15406072281652866,-0.3836519768974655,-0.16584414087348318,-0.518945513516629,-0.46815378898772897
309,Retail,Porto,918,20655,13567,1465,6846,806,0.5352702947458299,-0.1399819160574528,0.6578228765045803,-0.15539718300181268,0.9931804792692719,-0.06913694644049567
310,HoReCa,Porto,7034,1492,2405,12569,299,1117,-0.15527344246263253,0.19450174148482527,0.013134526972499104,0.3416227862062393,-0.312822174859422,0.26089085646336463
311,HoReCa,Porto,29635,2335,8280,3046,371,117,-0.15461196305465533,0.31073056460497694,-0.02646662316637602,0.5344281621502383,-0.31920854511938396,0.7930297003694691
312,Retail,Porto,2137,3737,19172,1274,17120,142,0.6186335502083531,-0.06927034384794016,0.6284253283921182,0.021661103812010595,0.8909160407858937,-0.061441896113585553
313,HoReCa,Porto,9784,925,2405,4447,183,297,-0.26034992490795084,-0.0207726477460302,-0.3871425828665177,0.06367529788611805,-0.7192331356070808,-0.1042937708902979
314,HoReCa,Porto,10617,1795,7647,1483,857,1233,-0.14530141935987292,-0.0928398052828651,-0.2629924498388876,-0.10391546870091703,-0.45691106544875776,-0.25890377195854225
315,Retail,Porto,1479,14982,11924,662,3891,3508,0.3478431174449148,-0.1729375625752983,0.4880789733433572,-0.25806401043203586,0.9043535177851381,-0.12062724542745368
316,HoReCa,Porto,7127,1375,2201,2679,83,1059,-0.2433468505487404,-0.09934065783465323,-0.40568012229347983,-0.0784273854781094,-0.6652328940847251,-0.3443341307738482
317,HoReCa,Porto,1182,3088,6114,978,821,1637,-0.10298523411300119,-0.23734539050544487,-0.22253630869097057,-0.336708816845197,-0.12875578170180269,-0.701726970719414
318,HoReCa,Porto,11800,2713,3558,2121,706,51,-0.21333318630860176,-0.0601482808365067,-0.35512990422078833,-0.021145899997862233,-0.656224263804071,-0.184368716724254
319,Retail,Porto,9759,25071,17645,1128,12408,1625,0.753592566502377,0.06315038772687953,0.6860453151378296,0.09283643838493254,1.0905597610204623,0.23459112355072234
320,HoReCa,Porto,1774,3696,2280,514,275,834,-0.17035208030556312,-0.22804474896772195,-0.3169738128583725,-0.29340038191141143,-0.3166896298650478,-0.6583294268157116
321,HoReCa,Porto,9155,1897,5167,2714,228,1113,-0.20152632115769012,-0.07965234275778081,-0.34896669102388095,-0.06420395700677443,-0.6645996830197567,-0.2684999839766264
322,HoReCa,Porto,15881,713,3315,3703,1470,229,-0.23318000239818015,0.05392024043637435,-0.3218055049871079,0.18181153108831646,-0.7022815062179568,0.21324857286927582
323,HoReCa,Porto,13360,944,11593,915,1679,573,-0.07328093748826983,-0.07195789340045027,-0.11449573525942291,-0.07588106418664463,-0.08822732469499656,-0.042209826993400326
324,HoReCa,Porto,25977,3587,2464,2369,140,1092,-0.22240246712110429,0.24904878991606738,-0.16799625744857133,0.4835178536196525,-0.5344033333590474,0.6978176102658487
325,HoReCa,Porto,32717,16784,13626,60869,1272,5609,0.36459019807913123,0.4149346788141637,0.3882136372003407,0.2561515763125359,0.15258131188846036,0.7078871237963972
326,HoReCa,Porto,4414,1610,1431,3498,387,834,-0.23449658589541195,-0.12475898490557188,-0.3876698211722858,-0.11475102100598665,-0.5836677842019978,-0.4206782038907328
327,HoReCa,Porto,542,899,1664,414,88,522,-0.2110832579768742,-0.2312236332593775,-0.352500519703522,-0.26262483291560945,-0.3932001199473711,-0.6382144645970456
328,HoReCa,Porto,16933,2209,3389,7849,210,1534,-0.21882625346388448,0.21598610305253504,-0.1782668298380029,0.41414756816629944,-0.5558661750866392,0.5895725940776332
329,HoReCa,Porto,5113,1486,4583,5127,492,739,-0.19770345548666018,-0.08680090593463226,-0.31507782184368294,-0.059429926991496886,-0.5118131843150717,-0.28813415230066275
330,HoReCa,Porto,9790,1786,5109,3570,182,1043,-0.2099510549804523,-0.04792364260347184,-0.34625654807431316,-0.006124969332524511,-0.7049492664130239,-0.14609796263354174
331,Retail,Porto,11223,14881,26839,1234,9606,1102,0.7093013264215742,-0.014399465102854387,0.8114916021945141,-0.04732877797921018,1.141708551317394,0.2424809754547244
332,HoReCa,Porto,22321,3216,1447,2208,178,2602,-0.22150674849108276,0.19822074710933302,-0.19694973649114642,0.39533057141033223,-0.5528001364520125,0.618857831083418
333,Retail,Porto,8565,4980,67298,131,38102,1215,0.4345876597401556,0.4132301485123281,0.3887308292712925,0.2565075719670823,1.0109521748306196,0.2087471017099765
334,Retail,Porto,16823,928,2743,11559,332,3486,-0.15326600559671494,0.3529643285281324,0.05847674886963392,0.49762071970375055,-0.3280744978996024,0.6292655661978215
335,Retail,Porto,27082,6817,10790,1365,4111,2139,0.08278961564839768,0.2065303893220734,0.22646667636699375,0.2964668954567911,0.38044754433304667,0.9367443168209796
336,HoReCa,Porto,13970,1511,1330,650,146,778,-0.2595470027233205,-0.02315257049573432,-0.3851180685845058,0.060642767913155454,-0.6757321934083561,-0.07042865977860024
337,HoReCa,Porto,9351,1347,2611,8170,442,868,-0.22310835608242732,0.08271573353678463,-0.2309358248345682,0.22304400304520633,-0.5256453398500694,0.16855655593988722
338,HoReCa,Porto,3,333,7021,15601,15,550,-0.0426488520624063,0.19429419554461105,0.1936950655996833,0.30198465740815567,-0.13315520956455143,0.14959856387358497
339,HoReCa,Porto,2617,1188,5332,9584,573,1942,-0.13524471098953258,0.03422643070514804,-0.08125119583729126,0.141982509941425,-0.2425561028494271,0.03697099597884319
340,Retail,Other,381,4025,9670,388,7271,1371,0.19993564505390551,-0.2858140436695561,0.2815520239746892,-0.43480922678834755,0.6835234980278404,-0.5356175479966189
341,Retail,Other,2320,5763,11238,767,5162,2158,0.1804159137833913,-0.2521467390316624,0.2519722701018445,-0.43153132302123237,0.8115240249334548,-0.507845632056841
342,HoReCa,Other,255,5758,5923,349,4595,1328,0.0648296189832837,-0.2906541961382124,0.047796884426118326,-0.4542277552473972,0.42595726079243756,-0.7410227377666562
343,Retail,Other,1689,6964,26316,1456,15469,37,0.7204378928782571,-0.06025902454876142,0.71068630911889,0.01668383676682314,1.0142972919430702,-0.023234001140344608
344,HoReCa,Other,3043,1172,1763,2234,217,379,-0.23127723076462642,-0.17379797132994518,-0.3914529294611672,-0.18733016747696268,-0.5159748690215454,-0.5402129782351109
345,HoReCa,Other,1198,2602,8335,402,3843,303,0.011831305698776577,-0.2874563862536062,-0.03792452266030675,-0.4301218194563326,0.23555668626857748,-0.7538589361967506
346,Retail,Other,2771,6939,15541,2693,6600,1115,0.3155093987322869,-0.21734369693859082,0.47729979718700255,-0.38461339984698184,1.0079491095698636,-0.2520894145964685
347,Retail,Other,27380,7184,12311,2809,4621,1022,0.11292368716223779,0.22004214305385386,0.26964101011946795,0.29713169790452615,0.43991204420197194,0.9591966048387216
348,HoReCa,Other,3428,2380,2028,1341,1184,665,-0.18540037617904648,-0.20097788720997734,-0.3471054757388599,-0.2551537707311462,-0.4072770294551827,-0.6286880278834233
349,Retail,Other,5981,14641,20521,2005,12218,445,0.6971090129336228,-0.08095061886260366,0.8156262449953642,-0.10382320730434408,1.1250459185179402,0.08568602617229079
350,HoReCa,Other,3521,1099,1997,1796,173,995,-0.22670304883375042,-0.1706641600364482,-0.3894495307066877,-0.1896567425211095,-0.5170752112349332,-0.5307460752970893
351,Retail,Other,1210,10044,22294,1741,12638,3137,0.6967538631524288,-0.10049650018261387,0.7882255899770113,-0.09914293818875677,1.1156656328340762,0.023474132175757233
352,HoReCa,Other,608,1106,1533,830,90,195,-0.21533889444792226,-0.22655277684864383,-0.3584682901761761,-0.254664605207081,-0.40828664414354365,-0.6339544220161564
353,Retail,Other,117,6264,21203,228,8682,1111,0.4985986974079781,-0.23574899172616331,0.6804823620864878,-0.31218455461858274,0.9994307732371108,-0.23760612367762898
354,HoReCa,Other,14039,7393,2548,6386,1333,2341,-0.11648449387037792,0.11964865198322172,-0.09579877000369372,0.22809127582024852,-0.2782798168119759,0.5849161609969535
355,HoReCa,Other,190,727,2012,245,184,127,-0.20470530458821154,-0.24163169892364092,-0.33915919881271656,-0.27216542416243217,-0.36805301506196203,-0.6546279942664645
356,HoReCa,Other,22686,134,218,3157,9,548,-0.29834694233404513,0.20803255506427804,-0.28256551324003576,0.4358126022955085,-0.7190451711327751,0.4538181340566085
357,Retail,Other,37,1275,22272,137,6747,110,0.3545879320407816,-0.23998484505965673,0.493194776485344,-0.2689092346383873,0.7352268027722353,-0.3170742247816217
358,HoReCa,Other,759,18664,1660,6114,536,4100,0.15654320903615043,0.023031590593101062,0.29463318067784366,0.06927533795348906,0.35668248590200424,0.10082361553947623
359,HoReCa,Other,796,5878,2109,340,232,776,-0.13296062532862934,-0.24251305382832106,-0.25164922962873,-0.31836424535185237,-0.19135297809949084,-0.6632464879611909
360,HoReCa,Other,19746,2872,2006,2601,468,503,-0.24482218319743151,0.11719966731881956,-0.2989242032680822,0.28973782995101716,-0.6949081513247749,0.4048427167193003
361,HoReCa,Other,4734,607,864,1206,159,405,-0.2508876814810189,-0.1619779261324954,-0.41096631138835626,-0.1614001017665289,-0.5543035346198819,-0.4949775471246229
362,HoReCa,Other,2121,1601,2453,560,179,712,-0.20132654112062096,-0.21752360343857507,-0.35623115109822057,-0.26181677614454574,-0.3997542605357341,-0.626455732045217
363,HoReCa,Other,4627,997,4438,191,1335,314,-0.16582584897531455,-0.21261767552628427,-0.3139427342468713,-0.2708110225835604,-0.32819005255193345,-0.6200164649343597
364,HoReCa,Other,2615,873,1524,1103,514,468,-0.22116861589845538,-0.20081446265607486,-0.379147180183056,-0.2280871946370247,-0.4594658284257089,-0.5910420733727751
365,Retail,Other,4692,6128,8025,1619,4515,3105,0.10384642388422018,-0.18056635179978273,0.13875935027324257,-0.3148640049784172,0.6521952462450779,-0.33762217533472494
366,HoReCa,Other,9561,2217,1664,1173,222,447,-0.24138058311336047,-0.09945236072314186,-0.4018851901578189,-0.07648267368047,-0.6356023470953597,-0.32432015280893334
367,HoReCa,Other,3477,894,534,1457,252,342,-0.24495628931886337,-0.17565701226944128,-0.4022843820433049,-0.18177651816688176,-0.5268160051379531,-0.5306154986099322
368,HoReCa,Other,22335,1196,2406,2046,101,558,-0.2622927006430016,0.16442312297944475,-0.2760308998937721,0.3704988079767623,-0.66018643637669,0.44686772987376633
369,HoReCa,Other,6211,337,683,1089,41,296,-0.2641235769423088,-0.13981941873624842,-0.4209044645327601,-0.12224306156304542,-0.5935250425258287,-0.4354846834973552
370,Retail,Other,39679,3944,4955,1364,523,2235,-0.10419518720877342,0.49896445385628485,0.16505220495802939,0.6779861840154188,-0.20316323983239368,0.9260991686237969
371,HoReCa,Other,20105,1887,1939,8164,716,790,-0.23148907758335688,0.274533414903435,-0.14953691570807642,0.4947923172017047,-0.5541130588192147,0.6389593069170739
372,HoReCa,Other,3884,3801,1641,876,397,4829,-0.10402458920967395,-0.09573213829606335,-0.09603323231453254,-0.07813667478542917,-0.12174898497729193,-0.17717387407652033
373,Retail,Other,15076,6257,7398,1504,1916,3113,-0.026517235940760484,0.010514707447553583,-0.016418438448241,0.022376105791714687,0.11867552358515183,0.47607586635343835
374,HoReCa,Other,6338,2256,1668,1492,311,686,-0.22755536629915657,-0.1438931560026404,-0.39672681154188527,-0.15484255268950392,-0.5721769877713142,-0.4696859403896412
375,HoReCa,Other,5841,1450,1162,597,476,70,-0.23294274746453453,-0.16784005930577742,-0.3918964469038707,-0.17693156129936707,-0.5111954695120757,-0.5034719702684691
376,Retail,Other,3136,8630,13586,5641,4666,1426,0.22812372844737747,-0.13609702096711984,0.34950771023157295,-0.2520420315434835,0.8756532066049264,-0.07314671425666196
377,HoReCa,Other,38793,3154,2648,1034,96,1242,-0.15871156422774063,0.4721333257068639,0.10566190847121623,0.6733698564176092,-0.32131777530853234,0.8279596517900468
378,HoReCa,Other,3225,3294,1902,282,68,1114,-0.18883372708592697,-0.20452818566012032,-0.33885987966123826,-0.2541063370250807,-0.37910846144000143,-0.5934955578846275
379,Retail,Other,4048,5164,10391,130,813,179,-0.019151986268186573,-0.23759825603683363,-0.07879826909289277,-0.35491791988244387,0.148977294929384,-0.6221153874050602
380,HoReCa,Other,28257,944,2146,3881,600,270,-0.24655932845959908,0.32008360087499055,-0.1369901441487341,0.5755076782882421,-0.5598441406748551,0.6994683187226173
381,HoReCa,Other,17770,4591,1617,9927,246,532,-0.19286126956536226,0.2802117359525257,-0.0671323800790708,0.4700859345138743,-0.4241834181487261,0.5878263142571644
382,HoReCa,Other,34454,7435,8469,2540,1711,2893,-0.0003546210116817556,0.4172712797188433,0.21063447237005123,0.5755025593158934,0.06771860008186062,1.054302692554341
383,HoReCa,Other,1821,1364,3450,4006,397,361,-0.20235212412766923,-0.16016425430075543,-0.33741810018437596,-0.16765817579159864,-0.4480271579448582,-0.5034970290018206
384,HoReCa,Other,10683,21858,15400,3635,282,5120,0.3887285656759156,0.12935120685985815,0.4887169240956612,0.12965451064297623,0.7151098117570308,0.40820850704028316
385,HoReCa,Other,11635,922,1614,2583,192,1068,-0.26684288700932834,-0.022300344100478008,-0.40970794527304977,0.05769691904173571,-0.7717294534576521,-0.08743854792198157
386,HoReCa,Other,1206,3620,2857,1945,353,967,-0.1675456644371029,-0.2124925251801036,-0.31496843781338063,-0.2757043848550837,-0.3371912720062101,-0.6513574174553884
387,HoReCa,Other,20918,1916,1573,1960,231,961,-0.25963348503716804,0.13864112939106027,-0.29668044857106846,0.3281900653322786,-0.6863766449919853,0.4172518672439118
388,HoReCa,Other,9785,848,1172,1677,200,406,-0.26726548737507333,-0.07865764864936958,-0.42410819053697546,-0.03081011194968626,-0.6881551904798363,-0.271371993826564
389,HoReCa,Other,9385,1530,1422,3019,227,684,-0.2595522445057943,-0.05769760981620315,-0.41417835701237676,-0.0032910108538854034,-0.7359648920774757,-0.21595663839870818
390,HoReCa,Other,3352,1181,1328,5502,311,1000,-0.2335800266225652,-0.08173153816033192,-0.33685887455554153,-0.031155696287069337,-0.5396332180177545,-0.28743272781143453
391,HoReCa,Other,2647,2761,2313,907,95,1827,-0.1837390898999315,-0.19254093431079752,-0.3255809984953705,-0.23831963372660445,-0.3745097703729918,-0.561096545788485
392,HoReCa,Other,518,4180,3600,659,122,654,-0.1450314698002152,-0.2471436774688475,-0.2803743022093578,-0.3261562230177062,-0.23522376613866702,-0.700449464465595
393,HoReCa,Other,23632,6730,3842,8620,385,819,-0.14304554903210973,0.34812898844235685,0.006362195861558539,0.5473971267024299,-0.30699234478255083,0.8598834246874969
394,HoReCa,Other,12377,865,3204,1398,149,452,-0.249456706186857,-0.04722739645118638,-0.39223103036499535,0.016214233975294583,-0.6862633784373943,-0.14884096821185272
395,HoReCa,Other,9602,1316,1263,2921,841,290,-0.2519455925291298,-0.06572591995646992,-0.4046742119688709,-0.015727406373495668,-0.7004706802166849,-0.23813950670497694
396,Retail,Other,4515,11991,9345,2644,3378,2213,0.1858413877948003,-0.1586181262921228,0.2785730210904913,-0.2924606118806626,0.8477254553506056,-0.16147521459395345
397,HoReCa,Other,11535,1666,1428,6838,64,743,-0.258321235860798,0.08531887123880391,-0.30347583425335223,0.23343160979656152,-0.6657485126168421,0.18735434791944947
398,HoReCa,Other,11442,1032,582,5390,74,247,-0.2832593683100666,0.041954366058312834,-0.36976519974018723,0.17245255305489743,-0.7348507557246617,0.04966179824948596
399,HoReCa,Other,9612,577,935,1601,469,375,-0.26578633083293524,-0.0841825095840783,-0.4217411932761909,-0.03883115167181066,-0.6732966923213075,-0.2862245511698414
400,HoReCa,Other,4446,906,1238,3576,153,1014,-0.24847833741303146,-0.11365179405268953,-0.39611243991687745,-0.09020633126283702,-0.6058255316683689,-0.3839056429373954
401,HoReCa,Other,27167,2801,2128,13223,92,1902,-0.13117741602129837,0.5403795886460944,0.17457468938502876,0.6272201390406893,-0.320004301758325,0.8385421348222314
402,HoReCa,Other,26539,4753,5091,220,10,340,-0.16690136815194,0.19746462512064425,-0.09906984551422005,0.3900650791391792,-0.33674096640940626,0.5709911012063273
403,HoReCa,Other,25606,11006,4604,127,632,288,-0.05050123902244501,0.17270163628228985,0.06014181656138708,0.294691005999013,-0.010234511526489218,0.575130286797416
404,HoReCa,Other,18073,4613,3444,4324,914,715,-0.1931510883271996,0.11598649782314883,-0.237433701819574,0.2656861368195506,-0.6548229529763286,0.5727894385723391
405,HoReCa,Other,6884,1046,1167,2069,593,378,-0.24827782225643555,-0.12317680161017579,-0.41375784992502773,-0.10906607830590277,-0.6209689456012384,-0.40910183696831737
406,HoReCa,Other,25066,5010,5026,9806,1092,960,-0.12405508491236435,0.4001916415875524,0.06187866382762161,0.5906116900872388,-0.2577653827469754,0.8996625578054172
407,Retail,Other,7362,12844,18683,2854,7883,553,0.5077540033498024,-0.11801127389489344,0.7199105183608597,-0.23564849967225263,1.1270125626033607,0.09898631155950965
408,Retail,Other,8257,3880,6407,1646,2730,344,-0.0785790385614778,-0.16098493125439312,-0.18099420214199197,-0.24517635919769074,-0.15426790927305545,-0.6223734374386752
409,HoReCa,Other,8708,3634,6100,2349,2123,5137,-0.019178899990515582,-0.019376730431737692,0.02385317957238167,-0.0079485804615075,0.10220396051105163,0.13858366860079893
410,HoReCa,Other,6633,2096,4563,1389,1860,1892,-0.1373208513109086,-0.15325677207665764,-0.26899681154682925,-0.20864455808521842,-0.35228529307795226,-0.5132191063806762
411,HoReCa,Other,2126,3289,3281,1535,235,4365,-0.10490902634567242,-0.12757476692299438,-0.12527673868063804,-0.13036682945004593,-0.12302079499900852,-0.26837522430293803
412,HoReCa,Other,97,3605,12400,98,2970,62,0.07816278360284394,-0.30099808647438586,0.07833261518829679,-0.44322788482866277,0.39734921618213837,-0.6907510512278512
413,HoReCa,Other,4983,4859,6633,17866,912,2435,0.047196712547066186,0.32466579913081023,0.2906336699035095,0.3621936975453446,0.006968068385102838,0.3947042083273862
414,HoReCa,Other,5969,1990,3417,5679,1135,290,-0.19610677335953852,-0.06691528397389072,-0.299933539525473,-0.02380764363759265,-0.5012355105234052,-0.22369364195556346
415,Retail,Other,7842,6046,8552,1691,3540,1874,0.0433123316757379,-0.1574012929500987,0.03306913250023325,-0.2882393510508844,0.679550341773789,-0.563910587883569
416,Retail,Other,4389,10940,10908,848,6728,993,0.31094232388260895,-0.2243696396025593,0.4647424797245145,-0.3963302091577826,1.0109946545944557,-0.2693542351077778
417,HoReCa,Other,5065,5499,11055,364,3485,1063,0.08765106802057912,-0.2363004293163259,0.09561203949952973,-0.406519745203357,0.6126212294604702,-0.6264396437730329
418,Retail,Other,660,8494,18622,133,6740,776,0.4230334524293379,-0.2628086537798904,0.6089350123452208,-0.3979627597846607,1.0087233984149342,-0.31421187455261096
419,HoReCa,Other,8861,3783,2223,633,1580,1521,-0.1618798420314704,-0.12947736951423536,-0.29862500809453,-0.16073595822315964,-0.4328552388072767,-0.4066323697655432
420,HoReCa,Other,4456,5266,13227,25,6818,1393,0.2579690630821255,-0.24380774121759427,0.38416679561158973,-0.41276374558648526,0.8873421107648833,-0.3590959151677761
421,Retail,Other,17063,4847,9053,1031,3415,1784,0.0016174629729839149,-0.004076629829448028,0.01896128528699969,-0.005316173816363379,0.276253527881105,0.5065622216036403
422,HoReCa,Other,26400,1377,4172,830,948,1218,-0.20010797464874294,0.2166255830821318,-0.14432805249158243,0.4321652690768711,-0.44468249818586153,0.609719035821285
423,Retail,Other,17565,3686,4657,1059,1803,668,-0.15448601944923657,0.01623824218373615,-0.2255544744778767,0.09352752154802488,-0.4760132687037945,0.24945458491055636
424,Retail,Other,16980,2884,12232,874,3213,249,0.0062998193770407536,-0.02723278955156083,0.03200306176934742,-0.028720903979685956,0.2106927261975553,0.2340848431817508
425,HoReCa,Other,11243,2408,2593,15348,108,1886,-0.09635990283512537,0.34583818200283595,0.16668175154602569,0.44034127840431075,-0.2360236723856329,0.46479329072985953
426,HoReCa,Other,13134,9347,14316,3141,5079,1894,0.25101355719160884,-0.037229269675179984,0.4101264208195102,-0.1459469453694213,1.1326647452831984,0.4523412923440143
427,HoReCa,Other,31012,16687,5429,15082,439,1163,0.12202406858356613,0.5770307506101828,0.3666327964631896,0.44808856157101046,0.11121969611923384,0.8918099341426837
428,HoReCa,Other,3047,5970,4910,2198,850,317,-0.10378109275582299,-0.20570768185419108,-0.22118615048718138,-0.295502861523489,-0.16333406622073893,-0.6639662017023683
429,HoReCa,Other,8607,1750,3580,47,84,2501,-0.18834991134197476,-0.10792111938607495,-0.3018134375035473,-0.10453488914605831,-0.42409499377863186,-0.273672366326565
430,HoReCa,Other,3097,4230,16483,575,241,2080,0.08527665494596166,-0.19777713136131206,0.12146063511718092,-0.2808561280873212,0.40631206511663115,-0.3293434207861326
431,HoReCa,Other,8533,5506,5160,13486,1377,1498,-0.04340566466643096,0.22949936100175133,0.13621791448230353,0.348491630033685,-0.06632014191494762,0.4082808973311826
432,HoReCa,Other,21117,1162,4754,269,1328,395,-0.195457983968171,0.08073893519409371,-0.22409882214094434,0.22510263162396427,-0.4622008755276758,0.3097716914226624
433,HoReCa,Other,1982,3218,1493,1541,356,1449,-0.18712002432874542,-0.19648554508860155,-0.3348631616928786,-0.24397401587503925,-0.38938286254154153,-0.5905524722844292
434,HoReCa,Other,16731,3922,7994,688,2371,838,-0.07532086050335439,-0.020250845636680694,-0.11372207835996816,0.0020127808660370962,-0.14229845011639616,0.2306426540945403
435,HoReCa,Other,29703,12051,16027,13135,182,2204,0.16096475542242986,0.5338406283087378,0.37616233142981187,0.4667789087717405,0.2511996470743041,0.9703442636368792
436,HoReCa,Other,39228,1431,764,4510,93,2346,-0.18093219629665258,0.5704327940055629,0.13023102137034714,0.7451105238303106,-0.4001704087859916,0.9319810019193498
437,Retail,Other,14531,15488,30243,437,14841,1867,0.8306305443109366,0.10440986153886846,0.7207467524010449,0.12240010136051407,1.1354324092019192,0.30625257598113365
438,HoReCa,Other,10290,1981,2232,1038,168,2125,-0.22127780312942924,-0.06688277753073309,-0.3520036077123482,-0.03390882762428417,-0.5946608317701928,-0.17990821571492768
439,HoReCa,Other,2787,1698,2510,65,477,52,-0.19475318965915214,-0.22490006492358572,-0.34342717028912334,-0.26828701544495365,-0.3702887263211456,-0.6312233940849094
